ID,lat,lon
1,44.08230252,7.69827278
2,44.08299692,7.76070843
3,44.0842834,7.88558618
4,44.08487546,7.94802805
5,44.0854334,8.01047179
6,44.12148281,7.25997421
7,44.12241736,7.32243879
8,44.12331777,7.38490633
9,44.12418403,7.44737672
10,44.12501615,7.50984986
11,44.12581412,7.57232563
12,44.12730759,7.69728464
13,44.12800308,7.75976765
14,44.12866441,7.82225286
15,44.12929157,7.88474015
16,44.12988455,7.94722941
17,44.13044337,8.00972053
18,44.130968,8.0722134
19,44.16550821,7.19614273
20,44.16647841,7.25865164
21,44.16741442,7.32116364
22,44.16831623,7.38367861
23,44.16918385,7.44619644
24,44.17001727,7.50871703
25,44.17081649,7.57124026
26,44.17158149,7.63376601
27,44.17231229,7.69629419
28,44.17300887,7.75882468
29,44.17367123,7.82135737
30,44.17429937,7.88389214
31,44.17489328,7.9464289
32,44.17545296,8.00896752
33,44.17597842,8.0715079
34,44.20738137,7.0071199
35,44.20845578,7.06966639
36,44.20949596,7.13221631
37,44.21050191,7.19476955
38,44.21147362,7.25732599
39,44.21241109,7.31988552
40,44.21331431,7.38244803
41,44.21418329,7.44501341
42,44.21501801,7.50758156
43,44.21581847,7.57015235
44,44.21658468,7.63272568
45,44.21731661,7.69530144
46,44.21801428,7.75787951
47,44.21867768,7.82045979
48,44.2193068,7.88304216
49,44.21990164,7.94562652
50,44.2204622,8.00821275
51,44.22098847,8.07080074
52,44.25236981,7.00560066
53,44.25344589,7.06819477
54,44.2544877,7.13079231
55,44.25549521,7.19339317
56,44.25646844,7.25599724
57,44.25740738,7.31860442
58,44.25831201,7.38121458
59,44.25918235,7.44382763
60,44.26001837,7.50644344
61,44.26082009,7.56906191
62,44.26158748,7.63168292
63,44.26232056,7.69430637
64,44.26301932,7.75693214
65,44.26368375,7.81956012
66,44.26431386,7.8821902
67,44.26490963,7.94482227
68,44.26547106,8.00745622
69,44.26599816,8.07009194
70,44.29624575,6.94143961
71,44.29735785,7.00407788
72,44.29843561,7.06671971
73,44.29947904,7.12936497
74,44.30048813,7.19201357
75,44.30146288,7.25466539
76,44.30240328,7.31732032
77,44.30330933,7.37997825
78,44.30418102,7.44263907
79,44.30501835,7.50530266
80,44.30582132,7.56796892
81,44.30658992,7.63063772
82,44.30732414,7.69330897
83,44.30802399,7.75598255
84,44.30868946,7.81865835
85,44.30932055,7.88133625
86,44.30991725,7.94401614
87,44.31047956,8.00669792
88,44.31100748,8.06938148
89,44.31150101,8.13206669
90,44.34008345,6.87718305
91,44.34123166,6.93986546
92,44.34234548,7.00255155
93,44.34342493,7.0652412
94,44.34446999,7.12793431
95,44.34548066,7.19063076
96,44.34645693,7.25333044
97,44.3473988,7.31603323
98,44.34830626,7.37873904
99,44.34917932,7.44144774
100,44.35001796,7.50415922
101,44.35082218,7.56687337
102,44.35159197,7.62959009
103,44.35232735,7.69230925
104,44.35302829,7.75503075
105,44.3536948,7.81775447
106,44.35432687,7.8804803
107,44.3549245,7.94320814
108,44.35548769,8.00593786
109,44.35601644,8.06866936
110,44.35651074,8.13140252
111,44.38506716,6.8755573
112,44.38621716,6.93828763
113,44.38733273,7.00102165
114,44.38841386,7.06375925
115,44.38946055,7.1265003
116,44.3904728,7.18924471
117,44.39145059,7.25199236
118,44.39239393,7.31474314
119,44.39330281,7.37749693
120,44.39417723,7.44025362
121,44.39501718,7.50301311
122,44.39582266,7.56577527
123,44.39659366,7.62854
124,44.39733018,7.69130719
125,44.39803221,7.75407672
126,44.39869976,7.81684848
127,44.39933282,7.87962235
128,44.39993139,7.94239824
129,44.40049546,8.00517601
130,44.40102503,8.06795557
131,44.40152011,8.1307368
132,44.40198067,8.19351958
133,44.43005047,6.87392775
134,44.43120226,6.93670611
135,44.43231957,6.99948818
136,44.43340239,7.06227382
137,44.43445072,7.12506295
138,44.43546454,7.18785543
139,44.43644387,7.25065116
140,44.43738868,7.31345002
141,44.43829898,7.37625191
142,44.43917476,7.43905671
143,44.44001602,7.50186432
144,44.44082276,7.5646746
145,44.44159496,7.62748746
146,44.44233263,7.69030279
147,44.44303577,7.75312046
148,44.44370436,7.81594037
149,44.44433841,7.8787624
150,44.44493791,7.94158645
151,44.44550286,8.00441239
152,44.44603326,8.06724012
153,44.44652911,8.13006952
154,44.44699039,8.19290049
155,44.44816689,8.38140162
156,44.47503337,6.87229439
157,44.47618696,6.9351209
158,44.47730602,6.99795112
159,44.47839053,7.06078493
160,44.47944049,7.12362223
161,44.4804559,7.18646289
162,44.48143675,7.24930682
163,44.48238304,7.31215389
164,44.48329476,7.37500399
165,44.48417191,7.43785701
166,44.48501449,7.50071284
167,44.48582248,7.56357136
168,44.48659589,7.62643246
169,44.48733471,7.68929604
170,44.48803895,7.75216196
171,44.48870858,7.81503014
172,44.48934362,7.87790044
173,44.48994406,7.94077276
174,44.49050989,8.00364698
175,44.49104112,8.06652299
176,44.49153774,8.12940069
177,44.49199975,8.19227994
178,44.49242714,8.25516065
179,44.49281992,8.3180427
180,44.49317808,8.38092598
181,44.49350162,8.44381037
182,44.49379054,8.50669576
183,44.49404484,8.56958204
184,44.49459999,8.75824506
185,44.49471579,8.82113376
186,44.52001587,6.87065721
187,44.52117126,6.93353198
188,44.52229206,6.99641046
189,44.52337827,7.05929256
190,44.52442987,7.12217814
191,44.52544687,7.1850671
192,44.52642925,7.24795933
193,44.52737702,7.31085472
194,44.52829016,7.37375314
195,44.52916868,7.4366545
196,44.53001257,7.49955866
197,44.53082183,7.56246553
198,44.53159645,7.62537499
199,44.53233642,7.68828693
200,44.53304175,7.75120123
201,44.53371244,7.81411777
202,44.53434847,7.87703645
203,44.53494984,7.93995716
204,44.53551656,8.00287978
205,44.53604862,8.06580419
206,44.53654601,8.12873028
207,44.53700874,8.19165795
208,44.53743681,8.25458707
209,44.5378302,8.31751753
210,44.53818892,8.38044923
211,44.53851296,8.44338204
212,44.53880234,8.50631585
213,44.53905703,8.56925056
214,44.53927705,8.63218604
215,44.53961305,8.75805887
216,44.53972903,8.820996
217,44.53981032,8.88393345
218,44.53985694,8.94687111
219,44.56499797,6.8690162
220,44.56615516,6.93193934
221,44.56727771,6.9948662
222,44.56836561,7.05779669
223,44.56941886,7.12073067
224,44.57043744,7.18366805
225,44.57142136,7.2466087
226,44.5723706,7.30955251
227,44.57328518,7.37249937
228,44.57416507,7.43544917
229,44.57501028,7.49840179
230,44.5758208,7.56135712
231,44.57659662,7.62431505
232,44.57733776,7.68727546
233,44.57804419,7.75023824
234,44.57871592,7.81320327
235,44.57935294,7.87617045
236,44.57995526,7.93913966
237,44.58052286,8.00211078
238,44.58105575,8.0650837
239,44.58155392,8.12805831
240,44.58201737,8.19103449
241,44.5824461,8.25401214
242,44.58284011,8.31699113
243,44.58319939,8.37997136
244,44.58352394,8.4429527
245,44.58381377,8.50593506
246,44.58406886,8.5689183
247,44.58428922,8.63190232
248,44.58447485,8.69488701
249,44.58462575,8.75787225
250,44.58474191,8.82085792
251,44.58482333,8.88384392
252,44.58487002,8.94683013
253,44.58485919,9.07280272
254,44.58480168,9.13578888
255,44.58470943,9.19877479
256,44.61113866,6.93034297
257,44.61226297,6.99331833
258,44.61335256,7.05629732
259,44.61440745,7.11927981
260,44.61542763,7.18226571
261,44.61641308,7.24525489
262,44.61736381,7.30824725
263,44.61827981,7.37124266
264,44.61916107,7.43424102
265,44.6200076,7.49724221
266,44.62081939,7.56024611
267,44.62159643,7.62325262
268,44.62233871,7.68626162
269,44.62304625,7.74927299
270,44.62371903,7.81228663
271,44.62435705,7.87530242
272,44.62496031,7.93832024
273,44.6255288,8.00133998
274,44.62606252,8.06436152
275,44.62656147,8.12738476
276,44.62702564,8.19040958
277,44.62745504,8.25343586
278,44.62784966,8.3164635
279,44.62820951,8.37949237
280,44.62853457,8.44252236
281,44.62882484,8.50555337
282,44.62908033,8.56858526
283,44.62930104,8.63161794
284,44.62948696,8.69465129
285,44.62963809,8.75768518
286,44.62975443,8.82071952
287,44.62983598,8.88375418
288,44.62989472,9.00982402
289,44.6298719,9.07285897
290,44.62981429,9.13589379
291,44.6297219,9.19892836
292,44.65612176,6.92874286
293,44.65724782,6.99176683
294,44.65833912,7.05479443
295,44.65939565,7.11782556
296,44.66041742,7.18086009
297,44.66140441,7.24389792
298,44.66235662,7.30693893
299,44.66327405,7.36998301
300,44.6641567,7.43303004
301,44.66500455,7.49607991
302,44.6658176,7.5591325
303,44.66659585,7.6221877
304,44.6673393,7.6852454
305,44.66804794,7.74830549
306,44.66872177,7.81136784
307,44.66936079,7.87443235
308,44.66996498,7.9374989
309,44.67053436,8.00056737
310,44.67106892,8.06363765
311,44.67156865,8.12670964
312,44.67203355,8.1897832
313,44.67246362,8.25285824
314,44.67285886,8.31593463
315,44.67321926,8.37901226
316,44.67354483,8.44209101
317,44.67383556,8.50517078
318,44.67409145,8.56825145
319,44.6743125,8.6313329
320,44.67449871,8.69441501
321,44.67465007,8.75749768
322,44.6747666,8.82058079
323,44.67484828,8.88366423
324,44.67489511,8.94674788
325,44.6749071,9.00983162
326,44.67488425,9.07291535
327,44.67482656,9.13599894
328,44.67473401,9.19908229
329,44.70223227,6.99021169
330,44.70332528,7.05328803
331,44.70438346,7.11636789
332,44.70540682,7.17945118
333,44.70639536,7.24253777
334,44.70734906,7.30562755
335,44.70826792,7.3687204
336,44.70915194,7.43181622
337,44.71000111,7.49491488
338,44.71081543,7.55801627
339,44.7115949,7.62112029
340,44.71233951,7.68422681
341,44.71304926,7.74733571
342,44.71372414,7.8104469
343,44.71436415,7.87356024
344,44.7149693,7.93667563
345,44.71553956,7.99979295
346,44.71607495,8.06291209
347,44.71657546,8.12603293
348,44.71704109,8.18915536
349,44.71747183,8.25227926
350,44.71786769,8.31540452
351,44.71822865,8.37853102
352,44.71855473,8.44165865
353,44.71884591,8.5047873
354,44.7191022,8.56791685
355,44.7193236,8.63104718
356,44.7195101,8.69417818
357,44.7196617,8.75730974
358,44.71977841,8.82044174
359,44.71986021,8.88357407
360,44.71990712,8.94670661
361,44.71991913,9.00983924
362,44.71989625,9.07297186
363,44.71983846,9.13610434
364,44.71974577,9.19923658
365,44.74831104,7.05177809
366,44.74937088,7.11490681
367,44.75039583,7.17803896
368,44.75138591,7.24117442
369,44.7523411,7.30431309
370,44.7532614,7.36745483
371,44.7541468,7.43059955
372,44.75499729,7.49374712
373,44.75581289,7.55689743
374,44.75659357,7.62005037
375,44.75733935,7.68320582
376,44.7580502,7.74636367
377,44.75872614,7.80952379
378,44.75936715,7.87268609
379,44.75997324,7.93585043
380,44.7605444,7.99901671
381,44.76108062,8.06218482
382,44.76158191,8.12535463
383,44.76204827,8.18852604
384,44.76247968,8.25169892
385,44.76287616,8.31487316
386,44.76323769,8.37804865
387,44.76356427,8.44122528
388,44.76385591,8.50440292
389,44.7641126,8.56758146
390,44.76433434,8.6307608
391,44.76452113,8.6939408
392,44.76467297,8.75712136
393,44.76478986,8.82030236
394,44.7648718,8.88348369
395,44.76491878,8.94666524
396,44.76493081,9.00984688
397,44.76490788,9.0730285
398,44.76485001,9.13620999
399,44.76475718,9.19939123
400,44.79219999,6.98709047
401,44.79329641,7.05026461
402,44.7943579,7.1134423
403,44.79538446,7.17662343
404,44.79637608,7.23980788
405,44.79733276,7.30299554
406,44.79825449,7.36618629
407,44.79914127,7.42938003
408,44.7999931,7.49257662
409,44.80080997,7.55577596
410,44.80159187,7.61897794
411,44.80233881,7.68218244
412,44.80305077,7.74538933
413,44.80372777,7.80859852
414,44.80436978,7.87180988
415,44.80497681,7.9350233
416,44.80554886,7.99823866
417,44.80608593,8.06145584
418,44.806588,8.12467474
419,44.80705508,8.18789524
420,44.80748717,8.25111722
421,44.80788426,8.31434056
422,44.80824636,8.37756515
423,44.80857345,8.44079089
424,44.80886555,8.50401764
425,44.80912264,8.56724529
426,44.80934473,8.63047374
427,44.80953181,8.69370286
428,44.80968389,8.75693254
429,44.80980096,8.82016266
430,44.80988302,8.88339311
431,44.80993008,8.94662377
432,44.80994213,9.00985453
433,44.80991917,9.07308528
434,44.8098612,9.13631589
435,44.80976822,9.19954625
436,44.83488206,6.85908908
437,44.83605014,6.92230483
438,44.83718325,6.98552436
439,44.83828138,7.04874757
440,44.83934452,7.11197435
441,44.84037268,7.17520457
442,44.84136585,7.23843813
443,44.84232403,7.3016749
444,44.8432472,7.36491478
445,44.84413537,7.42815764
446,44.84498852,7.49140337
447,44.84580667,7.55465186
448,44.84658979,7.61790299
449,44.8473379,7.68115665
450,44.84805097,7.74441272
451,44.84872902,7.80767108
452,44.84937204,7.87093162
453,44.84998002,7.93419422
454,44.85055296,7.99745877
455,44.85109086,8.06072516
456,44.85159372,8.12399326
457,44.85206153,8.18726296
458,44.8524943,8.25053415
459,44.85289201,8.31380671
460,44.85325467,8.37708052
461,44.85358228,8.44035547
462,44.85387483,8.50363145
463,44.85413232,8.56690833
464,44.85435476,8.63018601
465,44.85454213,8.69346436
466,44.85469445,8.75674327
467,44.8548117,8.82002263
468,44.85489389,8.88330231
469,44.85494102,8.94658221
470,44.85495309,9.00986221
471,44.85493009,9.07314219
472,44.87865641,6.79415996
473,44.87986133,6.85742095
474,44.88103123,6.92068586
475,44.88216611,6.98395458
476,44.88326595,7.04722698
477,44.88433076,7.11050295
478,44.88536052,7.17378239
479,44.88635524,7.23706516
480,44.88731491,7.30035116
481,44.88823953,7.36364027
482,44.88912908,7.42693238
483,44.88998357,7.49022737
484,44.89080299,7.55352512
485,44.89158734,7.61682552
486,44.89233661,7.68012845
487,44.8930508,7.7434338
488,44.89372991,7.80674145
489,44.89437393,7.87005129
490,44.89498286,7.93336319
491,44.8955567,7.99667705
492,44.89609544,8.05999275
493,44.89659908,8.12331017
494,44.89706762,8.18662919
495,44.89750106,8.24994971
496,44.8978994,8.3132716
497,44.89826262,8.37659475
498,44.89859074,8.43991904
499,44.89888375,8.50324435
500,44.89914164,8.56657058
501,44.89936443,8.6298976
502,44.89955209,8.6932253
503,44.89970465,8.75655356
504,44.89982208,8.81988226
505,44.8999044,8.8832113
506,44.89995161,8.94654055
507,44.89996369,9.0098699
508,44.89994066,9.07319923
509,44.92239153,6.72913242
510,44.9236334,6.79243864
511,44.9248402,6.8557489
512,44.92601192,6.91906309
513,44.92714857,6.9823811
514,44.92825013,7.04570281
515,44.9293166,7.1090281
516,44.93034797,7.17235686
517,44.93134424,7.23568897
518,44.93230541,7.29902431
519,44.93323147,7.36236278
520,44.93412241,7.42570424
521,44.93497823,7.4890486
522,44.93579893,7.55239573
523,44.9365845,7.61574551
524,44.93733495,7.67909784
525,44.93805025,7.74245259
526,44.93873042,7.80580964
527,44.93937545,7.86916889
528,44.93998533,7.93253021
529,44.94056006,7.9958935
530,44.94109964,8.05925862
531,44.94160407,8.12262548
532,44.94207335,8.18599394
533,44.94250747,8.2493639
534,44.94290642,8.31273523
535,44.94327022,8.37610783
536,44.94359885,8.43948157
537,44.94389231,8.50285634
538,44.94415061,8.56623203
539,44.94437374,8.62960851
540,44.9445617,8.69298567
541,44.94471449,8.7563634
542,44.94483211,8.81974157
543,44.94491456,8.88312007
544,44.94496184,8.94649879
545,44.94497394,9.00987761
546,44.96736617,6.72735767
547,44.96860997,6.79071327
548,44.96981865,6.85407292
549,44.97099221,6.91743651
550,44.97213063,6.98080393
551,44.97323391,7.04417506
552,44.97430204,7.10754978
553,44.97533502,7.17092798
554,44.97633285,7.23430954
555,44.97729552,7.29769434
556,44.97822302,7.36108227
557,44.97911536,7.42447322
558,44.97997252,7.48786706
559,44.9807945,7.55126368
560,44.9815813,7.61466297
561,44.98233291,7.6780648
562,44.98304933,7.74146906
563,44.98373056,7.80487564
564,44.9843766,7.86828442
565,44.98498743,7.93169528
566,44.98556306,7.9951081
567,44.98610349,8.05852277
568,44.9866087,8.12193917
569,44.98707871,8.18535719
570,44.98751351,8.24877671
571,44.98791308,8.3121976
572,44.98827745,8.37561977
573,44.98860659,8.43904308
574,44.98890051,8.50246742
575,44.98915922,8.56589268
576,44.98938269,8.62931874
577,44.98957095,8.69274548
578,44.98972398,8.75617279
579,44.98984178,8.81960055
580,44.98992436,8.88302863
581,44.98997171,8.94645694
582,45.01105947,6.66217786
583,45.01234039,6.72557876
584,45.01358614,6.78898384
585,45.01479671,6.852393
586,45.01597209,6.9158061
587,45.01711229,6.97922305
588,45.01821729,7.04264371
589,45.01928709,7.10606798
590,45.02032169,7.16949573
591,45.02132107,7.23292686
592,45.02228524,7.29636124
593,45.0232142,7.35979876
594,45.02410792,7.4232393
595,45.02496642,7.48668274
596,45.02578968,7.55012897
597,45.02657771,7.61357788
598,45.0273305,7.67702933
599,45.02804804,7.74048323
600,45.02873033,7.80393944
601,45.02937738,7.86739786
602,45.02998916,7.93085837
603,45.03056569,7.99432085
604,45.03110696,8.05778518
605,45.03161297,8.12125125
606,45.03208371,8.18471894
607,45.03251918,8.24818813
608,45.03291939,8.31165871
609,45.03328432,8.37513056
610,45.03361398,8.43860356
611,45.03390836,8.50207759
612,45.03416746,8.56555254
613,45.03439129,8.6290283
614,45.03457984,8.69250473
615,45.03473311,8.75598174
616,45.0348511,8.81945919
617,45.0349338,8.88293698
618,45.05603129,6.66034516
619,45.05731421,6.72379565
620,45.0585619,6.78725035
621,45.05977435,6.85070912
622,45.06095157,6.91417186
623,45.06209355,6.97763845
624,45.06320028,7.04110876
625,45.06427175,7.10458269
626,45.06530796,7.16806012
627,45.06630891,7.23154093
628,45.06727458,7.295025
629,45.06820498,7.35851222
630,45.0691001,7.42200247
631,45.06995994,7.48549563
632,45.07078449,7.54899159
633,45.07157375,7.61249023
634,45.07232771,7.67599143
635,45.07304637,7.73949507
636,45.07372973,7.80300104
637,45.07437779,7.86650922
638,45.07499053,7.9300195
639,45.07556796,7.99353175
640,45.07611007,8.05704586
641,45.07661687,8.12056171
642,45.07708835,8.18407919
643,45.0775245,8.24759817
644,45.07792533,8.31111855
645,45.07829083,8.37464019
646,45.078621,8.438163
647,45.07891584,8.50168684
648,45.07917535,8.5652116
649,45.07939953,8.62873716
650,45.07994289,8.88284511
651,45.10100269,6.65850814
652,45.10228761,6.72200835
653,45.10353725,6.78551277
654,45.1047516,6.84902128
655,45.10593065,6.91253377
656,45.10707441,6.97605011
657,45.10818287,7.0395702
658,45.10925601,7.10309391
659,45.11029384,7.16662113
660,45.11129635,7.23015174
661,45.11226353,7.29368562
662,45.11319538,7.35722266
663,45.1140919,7.42076273
664,45.11495308,7.48430573
665,45.11577892,7.54785153
666,45.11656941,7.61140002
667,45.11732455,7.67495108
668,45.11804433,7.73850458
669,45.11872876,7.80206043
670,45.11937782,7.86561849
671,45.11999152,7.92917865
672,45.12056986,7.99274079
673,45.12111282,8.0563048
674,45.12162041,8.11987055
675,45.12209262,8.18343793
676,45.12252945,8.24700682
677,45.12293091,8.31057711
678,45.12329698,8.37414868
679,45.12362767,8.4377214
680,45.12392297,8.50129516
681,45.12418289,8.56486985
682,45.12440741,8.62844534
683,45.14597368,6.6566668
684,45.1472606,6.72021684
685,45.14851219,6.7837711
686,45.14972843,6.84732947
687,45.15090933,6.91089182
688,45.15205488,6.97445804
689,45.15316506,7.03802801
690,45.15423988,7.10160162
691,45.15527933,7.16517875
692,45.1562834,7.22875927
693,45.15725209,7.29234308
694,45.1581854,7.35593005
695,45.15908332,7.41952007
696,45.15994585,7.48311302
697,45.16077297,7.54670878
698,45.1615647,7.61030724
699,45.16232101,7.67390827
700,45.16304192,7.73751176
701,45.16372742,7.8011176
702,45.16437749,7.86472565
703,45.16499215,7.92833582
704,45.16557139,7.99194797
705,45.1661152,8.05556198
706,45.16662358,8.11917776
707,45.16709653,8.18279516
708,45.16753404,8.24641408
709,45.16793613,8.3100344
710,45.16830277,8.373656
711,45.16863397,8.43727876
712,45.16892974,8.50090257
713,45.16919006,8.5645273
714,45.19703494,6.97286221
715,45.19814685,7.03648219
716,45.19922335,7.10010581
717,45.20026442,7.16373296
718,45.20127006,7.22736352
719,45.20224027,7.29099737
720,45.20317503,7.3546344
721,45.20407435,7.41827448
722,45.20493823,7.4819175
723,45.20576664,7.54556334
724,45.2065596,7.60921188
725,45.2073171,7.67286301
726,45.20803914,7.7365166
727,45.2087257,7.80017254
728,45.20937679,7.86383071
729,45.20999241,7.927491
730,45.21057255,7.99115327
731,45.21111721,8.05481742
732,45.21162639,8.11848333
733,45.21210007,8.18215087
734,45.21253827,8.24581994
735,45.21294098,8.30949041
736,45.2133082,8.37316216
737,45.21363992,8.43683508
738,45.21393615,8.50050904
739,45.21419687,8.56418394
740,45.2420146,6.97126262
741,45.24312825,7.03493272
742,45.24420643,7.09860648
743,45.24524913,7.16228377
744,45.24625634,7.22596448
745,45.24722806,7.28964849
746,45.24816428,7.35333569
747,45.24906501,7.41702595
748,45.24993023,7.48071916
749,45.25075994,7.5444152
750,45.25155413,7.60811394
751,45.25231282,7.67181528
752,45.25303598,7.73551909
753,45.25372361,7.79922526
754,45.25437572,7.86293366
755,45.2549923,7.92664418
756,45.25557335,7.9903567
757,45.25611886,8.0540711
758,45.25662883,8.11778726
759,45.25710326,8.18150507
760,45.25754214,8.2452244
761,45.25794548,8.30894513
762,45.25831327,8.37266716
763,45.25864551,8.43639035
764,45.2589422,8.50011459
765,45.25920333,8.56383977
766,45.28918911,7.0971036
767,45.29023344,7.16083116
768,45.29124222,7.22456214
769,45.29221546,7.28829643
770,45.29315314,7.35203392
771,45.29405527,7.41577448
772,45.29492184,7.47951799
773,45.29575285,7.54326434
774,45.29654829,7.60701341
775,45.29730816,7.67076508
776,45.29803245,7.73451923
777,45.29872116,7.79827574
778,45.29937428,7.86203449
779,45.29999183,7.92579537
780,45.30057378,7.98955825
781,45.30112014,8.05332302
782,45.30163091,8.11708955
783,45.30210607,8.18085774
784,45.30254564,8.24462745
785,45.30294961,8.30839857
786,45.30331798,8.37217098
787,45.30365073,8.43594457
788,45.30394789,8.49971921
789,45.30420943,8.56349478
790,45.30443536,8.62727117
791,45.30462568,8.69104825
792,45.30478039,8.75482591
793,45.3341714,7.09559718
794,45.33521736,7.15937511
795,45.33622771,7.22315648
796,45.33720247,7.28694118
797,45.33814162,7.35072907
798,45.33904516,7.41452005
799,45.33991308,7.47831399
800,45.34074539,7.54211077
801,45.34154207,7.60591028
802,45.34230312,7.6697124
803,45.34302854,7.73351701
804,45.34371833,7.79732398
805,45.34437247,7.8611332
806,45.34499098,7.92494455
807,45.34557384,7.98875792
808,45.34612106,8.05257317
809,45.34663262,8.1163902
810,45.34710853,8.18020888
811,45.34754879,8.24402909
812,45.34795339,8.30785072
813,45.34832232,8.37167364
814,45.3486556,8.43549774
815,45.34895322,8.49932289
816,45.34921517,8.56314898
817,45.34944146,8.62697589
818,45.34963208,8.6908035
819,45.34978703,8.75463168
820,45.38020088,7.15791563
821,45.38121282,7.22174751
822,45.38218909,7.28558272
823,45.38312971,7.34942114
824,45.38403466,7.41326265
825,45.38490394,7.47710714
826,45.38573754,7.54095448
827,45.38653547,7.60480455
828,45.38729771,7.66865723
829,45.38802426,7.73251241
830,45.38871512,7.79636997
831,45.38937029,7.86022978
832,45.38998977,7.92409173
833,45.39057354,7.98795569
834,45.39112161,8.05182155
835,45.39163397,8.11568919
836,45.39211062,8.17955848
837,45.39255157,8.24342932
838,45.3929568,8.30730157
839,45.39332631,8.37117512
840,45.39366011,8.43504985
841,45.39395819,8.49892564
842,45.39422055,8.56280237
843,45.39444719,8.62667991
844,45.39463811,8.69055816
845,45.3947933,8.75443699
846,45.39491277,8.81831628
847,45.42413479,7.09257365
848,45.42518402,7.1564527
849,45.42619753,7.22033521
850,45.42717533,7.28422105
851,45.42811742,7.34811012
852,45.42902378,7.41200229
853,45.42989441,7.47589744
854,45.43072932,7.53979544
855,45.43152849,7.6036962
856,45.43229192,7.66759957
857,45.43301961,7.73150544
858,45.43371155,7.7954137
859,45.43436774,7.85932422
860,45.43498818,7.92323688
861,45.43557287,7.98715156
862,45.43612179,8.05106815
863,45.43663495,8.11498652
864,45.43711235,8.17890655
865,45.43755398,8.24282812
866,45.43795985,8.30675112
867,45.43832994,8.37067542
868,45.43866426,8.4346009
869,45.43896281,8.49852744
870,45.43922558,8.56245493
871,45.43945257,8.62638324
872,45.43964378,8.69031225
873,45.43979922,8.75424184
874,45.43991888,8.81817189
875,45.4691159,7.09105652
876,45.47016676,7.15498631
877,45.47118185,7.21891956
878,45.47216118,7.28285616
879,45.47310474,7.346796
880,45.47401251,7.41073894
881,45.47488451,7.47468487
882,45.47572072,7.53863367
883,45.47652114,7.60258522
884,45.47728576,7.6665394
885,45.47801458,7.73049609
886,45.47870761,7.79445517
887,45.47936482,7.85841652
888,45.47998623,7.92238001
889,45.48057183,7.98634554
890,45.48112161,8.05031297
891,45.48163557,8.11428219
892,45.48211372,8.17825308
893,45.48255604,8.24222551
894,45.48296254,8.30619937
895,45.48333321,8.37017454
896,45.48366805,8.43415089
897,45.48396706,8.49812831
898,45.48423024,8.56210667
899,45.48445759,8.62608586
900,45.4846491,8.69006575
901,45.48480478,8.75404623
902,45.48492463,8.81802716
903,45.5140966,7.08953581
904,45.5151491,7.15351645
905,45.51616579,7.21750057
906,45.51714664,7.28148805
907,45.51809167,7.34547877
908,45.51900087,7.4094726
909,45.51987422,7.47346944
910,45.52071174,7.53746915
911,45.5215134,7.60147162
912,45.52227922,7.66547673
913,45.52300918,7.72948435
914,45.52370329,7.79349437
915,45.52436153,7.85750667
916,45.52498391,7.92152112
917,45.52557042,7.9855376
918,45.52612106,8.049556
919,45.52663583,8.11357619
920,45.52711472,8.17759805
921,45.52755773,8.24162147
922,45.52796486,8.30564631
923,45.52833611,8.36967247
924,45.52867148,8.43369981
925,45.52897096,8.49772823
926,45.52923455,8.56175759
927,45.52946225,8.62578778
928,45.52965407,8.68981867
929,45.52980999,8.75385015
930,45.56398883,7.40820327
931,45.56486355,7.47225113
932,45.56570238,7.53630187
933,45.5665053,7.60035538
934,45.56727231,7.66441154
935,45.56800341,7.72847022
936,45.5686986,7.7925313
937,45.56935787,7.85659466
938,45.56998122,7.92066019
939,45.57056865,7.98472775
940,45.57112015,8.04879724
941,45.57163572,8.11286852
942,45.57211536,8.17694148
943,45.57255906,8.241016
944,45.57296683,8.30509195
945,45.57333866,8.36916921
946,45.57367455,8.43324767
947,45.5739745,8.4973272
948,45.5742385,8.56140768
949,45.57446656,8.62548899
950,45.57465867,8.689571
951,45.61069264,7.53513183
952,45.61149681,7.5992365
953,45.61369354,7.79156594
954,45.61435384,7.8556805
955,45.61497816,7.91979722
956,45.61556651,7.98391599
957,45.61611887,8.04803668
958,45.61663524,8.11215918
959,45.61711563,8.17628335
960,45.61756003,8.24040909
961,45.61796843,8.30453627
962,45.61834085,8.36866476
963,45.61867726,8.43279445
964,45.61897767,8.49692522
965,45.61924209,8.56105694
966,45.6194705,8.62518949
967,45.61966292,8.68932275
968,45.65997474,7.9189322
969,45.660564,7.98310229
970,45.66111722,8.04727432
971,45.66163441,8.11144815
972,45.66211554,8.17562366
973,45.66256064,8.23980075
974,45.66296968,8.30397927
975,45.66334267,8.36815912
976,45.66367961,8.43234016
977,45.66398049,8.49652229
978,45.66424532,8.56070537
979,45.66447409,8.62488928
980,45.66466681,8.68907391
981,45.70497094,7.91806514
982,45.70556112,7.98228667
983,45.70611521,8.04651014
984,45.7066332,8.11073543
985,45.70711509,8.17496241
986,45.70756088,8.23919096
987,45.70797056,8.30342095
988,45.70834414,8.36765227
989,45.7086816,8.4318848
990,45.70898296,8.4961184
991,45.7092482,8.56035296
992,45.70947733,8.62458836
993,45.74933952,7.85292497
994,45.74996678,7.91719601
995,45.75055788,7.98146911
996,45.75111284,8.04574416
997,45.75163163,8.11002102
998,45.75211428,8.17429958
999,45.75256076,8.23857972
1000,45.75297108,8.30286131
1001,45.75334524,8.36714422
1002,45.75368323,8.43142835
1003,45.75398506,8.49571355
1004,45.75425071,8.55999972
1005,45.79433401,7.8520021
1006,45.79496224,7.91632482
1007,45.79555427,7.98064961
1008,45.79611009,8.04497635
1009,45.7966297,8.10930492
1010,45.7971131,8.17363519
1011,45.79756028,8.23796703
1012,45.79797124,8.30230033
1013,45.79834598,8.36663497
1014,45.7986845,8.43097081
1015,45.7989868,8.49530774
1016,45.79925287,8.55964564
1017,45.83932813,7.85107703
1018,45.83995734,7.91545156
1019,45.84055029,7.97982817
1020,45.84110698,8.04420672
1021,45.8416274,8.10858711
1022,45.84211156,8.17296921
1023,45.84255943,8.23735289
1024,45.84297104,8.30173803
1025,45.84334637,8.3661245
1026,45.84368542,8.43051219
1027,45.84398819,8.49490097
1028,45.84425467,8.55929072
1029,45.84448488,8.62368131
1030,45.88432187,7.85014977
1031,45.88495207,7.91457622
1032,45.88554595,7.97900477
1033,45.88610351,8.04343527
1034,45.88662474,8.1078676
1035,45.88710965,8.17230165
1036,45.88755823,8.23673728
1037,45.88797048,8.30117438
1038,45.88834639,8.36561282
1039,45.88868597,8.43005248
1040,45.88898921,8.49449323
1041,45.88925611,8.55893495
1042,45.92931525,7.84922029
1043,45.92994643,7.91369881
1044,45.93054124,7.97817941
1045,45.93109967,8.04266197
1046,45.93162172,8.10714638
1047,45.93210738,8.1716325
1048,45.93255666,8.23612021
1049,45.93296955,8.3006094
1050,45.93334605,8.36509992
1051,45.93368616,8.42959167
1052,45.93398988,8.49408452
1053,45.9342572,8.55857834
1054,45.93448812,8.62307301
1055,45.97430825,7.84828861
1056,45.97494042,7.9128193
1057,45.97553616,7.97735208
1058,45.97609546,8.04188684
1059,45.97661832,8.10642343
1060,45.97710475,8.17096176
1061,45.97755473,8.23550167
1062,45.97796827,8.30004307
1063,45.97834536,8.36458581
1064,45.978686,8.42912977
1065,45.97899019,8.49367484
1066,45.97925792,8.55822088
1067,45.97948921,8.62276777
1068,45.97968404,8.68731539
1069,46.02053071,7.97652279
1070,46.02109089,8.04110985
1071,46.02161457,8.10569877
1072,46.02210175,8.17028942
1073,46.02255244,8.23488166
1074,46.02296662,8.29947539
1075,46.0233443,8.36407046
1076,46.02368547,8.42866677
1077,46.02399014,8.49326418
1078,46.02425829,8.55786256
1079,46.02448994,8.62246181
1080,46.02468507,8.68706178
1081,46.0248437,8.75166235
1082,46.06608595,8.04033102
1083,46.06661045,8.10497238
1084,46.06709839,8.16961547
1085,46.06754978,8.23426017
1086,46.06796461,8.29890635
1087,46.06834288,8.36355389
1088,46.06868459,8.42820266
1089,46.06898973,8.49285254
1090,46.0692583,8.5575034
1091,46.06949031,8.62215511
1092,46.06968575,8.68680756
1093,46.11108064,8.03955033
1094,46.11160596,8.10424426
1095,46.11209467,8.16893992
1096,46.11254676,8.2336372
1097,46.11296224,8.29833597
1098,46.1133411,8.36303609
1099,46.11368334,8.42773745
1100,46.11398896,8.49243992
1101,46.11425795,8.55714337
1102,46.11449032,8.62184769
1103,46.11468607,8.68655273
1104,46.15660111,8.1035144
1105,46.15709058,8.16826276
1106,46.15754338,8.23301274
1107,46.15795951,8.29776422
1108,46.15833896,8.36251705
1109,46.15868174,8.42727113
1110,46.15898783,8.49202632
1111,46.15925725,8.55678249
1112,46.15948998,8.62153953
1113,46.20208613,8.16758399
1114,46.20253964,8.2323868
1115,46.20295642,8.2971911
1116,46.20333646,8.36199677
1117,46.20367977,8.42680369
1118,46.20398635,8.49161172
1119,46.20425618,8.55642075
1120,46.24659032,8.10204945
1121,46.24708132,8.16690359
1122,46.24753553,8.23175935
1123,46.24795296,8.29661662
1124,46.2483336,8.36147525
1125,46.24867745,8.42633514
1126,46.2489845,8.49119614
1127,46.29158437,8.10131435
1128,46.29207614,8.16622156
1129,46.29253107,8.23113041
1130,46.29294915,8.29604076
1131,46.29333038,8.36095249
1132,46.29367477,8.42586546
1133,46.33752624,8.23049996
1134,46.33794497,8.29546353
1135,46.3383268,8.36042847
1136,46.33867172,8.42539467
1137,46.33897974,8.49036199
1138,46.38252104,8.22986801
1139,46.38294043,8.29488491
1140,46.38332286,8.3599032
1141,46.38366832,8.42492275
1142,46.38397682,8.48994342
1143,46.42793554,8.29430491
1144,46.42831856,8.35937667
1145,46.42866456,8.42444969
1146,46.42897354,8.48952385
1147,46.4733139,8.35884888
1148,46.47366044,8.42397551
1149,46.4739699,8.48910327
